Lara Croft Tomb Raider: The Cradle of Life,3.1,61.05848016095251
Thelma & Louise,3.3,58.11525026621115
Notorious,3.6,57.116963683431685
Mission: Impossible III,3.3,56.59786725315555
Ocean's Twelve,3.4,56.00963278079312
The Bourne Supremacy,3.9,54.24492707374795
The Chronicles of Riddick,3.3,54.244926076684955
Mission: Impossible III,3.3,54.244926076684955
Armageddon,3.5,54.18507711823044
The Lost World: Jurassic Park,3.2,53.58686594001343
